{
    "fromTable": false,
    "hasTwitter": false,
    "finish": true,
    "visible": true,
    "id": "badge",
    "color": {
        "r": 10,
        "g": 1,
        "b": 200
    },
    "nodes": {
        "node1": {
            "x": -2.25,
            "y": -2.25,
            "z": 2.25
        },
        "node2": {
            "x": 1.97,
            "y":-1.97,
            "z": 1.97
        },
        "node3": {
            "x": 1.25,
            "y": 1.25,
            "z": 1.25
        },
        "node4": {
            "x": -0.66999999,
            "y": 0.66999999,
            "z": 0.66999999
        },
        "node5": {
            "x": 1.77,
            "y": -1.77,
            "z": -1.77
        },
        "node6": {
            "x": -1.85,
            "y": -1.85,
            "z": -1.85
        },
        "node7": {
            "x": -0.66999999,
            "y": 0.66999999,
            "z": -0.66999999
        },
        "node8": {
            "x": 1.25,
            "y": 1.25,
            "z": -1.25
        }
    }
}